condition,EER,AUC,Acc
Clean,0.010146716029068952,0.9997463320992733,0.9459798994974874
10dB Noise,0.024982860276977936,0.9935280405868641,0.7600502512562815
MP3 Compress.,0.0212738242150007,0.9957424928013163,0.8768844221105527
Reverb (0.5s),0.017564788153023474,0.9981900452488688,0.8768844221105527
