experiment,excluded_fake_source,dataset_size,train_size,val_size,test_size,best_epoch,val_eer_best,test_loss,test_eer,test_auc,test_accuracy,precision_real,recall_real,f1_real,precision_fake,recall_fake,f1_fake,eer_threshold,robust_Clean_eer,robust_Clean_auc,robust_Clean_acc,robust_10dB Noise_eer,robust_10dB Noise_auc,robust_10dB Noise_acc,robust_MP3 Compress._eer,robust_MP3 Compress._auc,robust_MP3 Compress._acc,robust_Reverb (0.5s)_eer,robust_Reverb (0.5s)_auc,robust_Reverb (0.5s)_acc
ablate_baglafake,baglafake_deepfake,5311,3718,797,796,4,0.0,0.037621693026939004,0.010146716029068952,0.9997463320992733,0.9459798994974874,0.9222423146473779,1.0,0.9595484477892756,1.0,0.8496503496503497,0.9187145557655956,0.7182352542877197,0.010146716029068952,0.9997463320992733,0.9459798994974874,0.024982860276977936,0.9935280405868641,0.7600502512562815,0.0212738242150007,0.9957424928013163,0.8768844221105527,0.017564788153023474,0.9981900452488688,0.8768844221105527
