{
  "experiment": "ablate_baglafake",
  "excluded_fake_source": "baglafake_deepfake",
  "dataset_size": 5311,
  "train_size": 3718,
  "val_size": 797,
  "test_size": 796,
  "best_epoch": 4,
  "val_eer_best": 0.0,
  "test_loss": 0.037621693026939004,
  "test_eer": 0.010146716029068952,
  "test_auc": 0.9997463320992733,
  "test_accuracy": 0.9459798994974874,
  "precision_real": 0.9222423146473779,
  "recall_real": 1.0,
  "f1_real": 0.9595484477892756,
  "precision_fake": 1.0,
  "recall_fake": 0.8496503496503497,
  "f1_fake": 0.9187145557655956,
  "eer_threshold": 0.7182352542877197,
  "robust_Clean_eer": 0.010146716029068952,
  "robust_Clean_auc": 0.9997463320992733,
  "robust_Clean_acc": 0.9459798994974874,
  "robust_10dB Noise_eer": 0.024982860276977936,
  "robust_10dB Noise_auc": 0.9935280405868641,
  "robust_10dB Noise_acc": 0.7600502512562815,
  "robust_MP3 Compress._eer": 0.0212738242150007,
  "robust_MP3 Compress._auc": 0.9957424928013163,
  "robust_MP3 Compress._acc": 0.8768844221105527,
  "robust_Reverb (0.5s)_eer": 0.017564788153023474,
  "robust_Reverb (0.5s)_auc": 0.9981900452488688,
  "robust_Reverb (0.5s)_acc": 0.8768844221105527
}