experiment,split_type,test_split_name,holdout_fake_source,dataset_size,train_size,val_size,test_size,train_fake,test_fake,train_real,test_real,real_train_test_ratio,fake_train_test_ratio,best_val_accuracy,test_accuracy,test_precision,test_recall,test_f1,test_auc,holdout_test_size,holdout_test_accuracy,holdout_test_precision,holdout_test_recall,holdout_test_f1,holdout_test_auc,stratified_test_size,stratified_test_accuracy,stratified_test_precision,stratified_test_recall,stratified_test_f1,stratified_test_auc
holdout_crikk,holdout,holdout_test,crikk_deepfake,7311,4898,544,1869,2620,1000,2278,869,2.621403912543153,2.62,0.9411764705882353,0.5002675227394329,0.5766245652542686,0.5002675227394329,0.4141164684582904,0.7178791714614501,1869.0,0.5002675227394329,0.5766245652542686,0.5002675227394329,0.4141164684582904,0.7178791714614501,,,,,,
holdout_lstm,holdout,holdout_test,lstm_deepfake,7311,4898,544,1869,2620,1000,2278,869,2.621403912543153,2.62,0.9448529411764706,0.6591760299625468,0.7354371446172634,0.6591760299625469,0.6399795038035792,0.9032036823935558,1869.0,0.6591760299625468,0.7354371446172634,0.6591760299625469,0.6399795038035792,0.9032036823935558,,,,,,
holdout_gemini,holdout,holdout_test,gemini_deepfake,7311,5047,561,1703,2700,911,2347,792,2.9633838383838382,2.96377607025247,0.9554367201426025,0.6236054022313564,0.7185254291821259,0.6236054022313564,0.5928882471324716,0.6841674150949673,1703.0,0.6236054022313564,0.7185254291821259,0.6236054022313564,0.5928882471324716,0.6841674150949673,,,,,,
holdout_baglafake,holdout,holdout_test,baglafake_deepfake,7311,4898,544,1869,2620,1000,2278,869,2.621403912543153,2.62,0.9944852941176471,0.4579989299090423,0.2144402317300419,0.4579989299090423,0.29211087713097816,0.33622669735327965,1869.0,0.4579989299090423,0.2144402317300419,0.4579989299090423,0.29211087713097816,0.33622669735327965,,,,,,
full_dataset_stratified,stratified_full,stratified_test,,7311,5264,585,1462,2816,782,2448,680,3.6,3.601023017902813,0.9299145299145299,0.9295485636114911,0.9311796688265934,0.9295485636114911,0.9293020585617788,0.9764649465924476,,,,,,,1462.0,0.9295485636114911,0.9311796688265934,0.9295485636114911,0.9293020585617788,0.9764649465924476
