condition,EER,AUC,Acc
Clean,0.03960784313725489,0.9757320261437908,0.7913580246913581
10dB Noise,0.09009803921568628,0.96381045751634,0.745679012345679
MP3 Compress.,0.06931372549019607,0.9584183006535949,0.737037037037037
Reverb (0.5s),0.10990196078431375,0.9502941176470588,0.7469135802469136
