experiment,excluded_fake_source,dataset_size,train_size,val_size,test_size,best_epoch,val_eer_best,test_loss,test_eer,test_auc,test_accuracy,precision_real,recall_real,f1_real,precision_fake,recall_fake,f1_fake,eer_threshold,robust_Clean_eer,robust_Clean_auc,robust_Clean_acc,robust_10dB Noise_eer,robust_10dB Noise_auc,robust_10dB Noise_acc,robust_MP3 Compress._eer,robust_MP3 Compress._auc,robust_MP3 Compress._acc,robust_Reverb (0.5s)_eer,robust_Reverb (0.5s)_auc,robust_Reverb (0.5s)_acc
ablate_gemini,gemini_deepfake,5400,3780,810,810,8,0.05411764705882355,0.21717622518240487,0.03960784313725489,0.9757320261437908,0.7913580246913581,0.7511045655375552,1.0,0.8578637510513036,1.0,0.43666666666666665,0.6078886310904873,0.8797839879989624,0.03960784313725489,0.9757320261437908,0.7913580246913581,0.09009803921568628,0.96381045751634,0.745679012345679,0.06931372549019607,0.9584183006535949,0.737037037037037,0.10990196078431375,0.9502941176470588,0.7469135802469136
