{
  "experiment": "ablate_gemini",
  "excluded_fake_source": "gemini_deepfake",
  "dataset_size": 5400,
  "train_size": 3780,
  "val_size": 810,
  "test_size": 810,
  "best_epoch": 8,
  "val_eer_best": 0.05411764705882355,
  "test_loss": 0.21717622518240487,
  "test_eer": 0.03960784313725489,
  "test_auc": 0.9757320261437908,
  "test_accuracy": 0.7913580246913581,
  "precision_real": 0.7511045655375552,
  "recall_real": 1.0,
  "f1_real": 0.8578637510513036,
  "precision_fake": 1.0,
  "recall_fake": 0.43666666666666665,
  "f1_fake": 0.6078886310904873,
  "eer_threshold": 0.8797839879989624,
  "robust_Clean_eer": 0.03960784313725489,
  "robust_Clean_auc": 0.9757320261437908,
  "robust_Clean_acc": 0.7913580246913581,
  "robust_10dB Noise_eer": 0.09009803921568628,
  "robust_10dB Noise_auc": 0.96381045751634,
  "robust_10dB Noise_acc": 0.745679012345679,
  "robust_MP3 Compress._eer": 0.06931372549019607,
  "robust_MP3 Compress._auc": 0.9584183006535949,
  "robust_MP3 Compress._acc": 0.737037037037037,
  "robust_Reverb (0.5s)_eer": 0.10990196078431375,
  "robust_Reverb (0.5s)_auc": 0.9502941176470588,
  "robust_Reverb (0.5s)_acc": 0.7469135802469136
}