condition,EER,AUC,Acc
Clean,0.041230437128980016,0.9932227019248066,0.8224101479915433
10dB Noise,0.15117826947292679,0.9225085447022845,0.7885835095137421
MP3 Compress.,0.07607933081489474,0.9748605864364094,0.8118393234672304
Reverb (0.5s),0.10569347004856987,0.96934250764526,0.7748414376321353
