experiment,excluded_fake_source,dataset_size,train_size,val_size,test_size,best_epoch,val_eer_best,test_loss,test_eer,test_auc,test_accuracy,precision_real,recall_real,f1_real,precision_fake,recall_fake,f1_fake,eer_threshold,robust_Clean_eer,robust_Clean_auc,robust_Clean_acc,robust_10dB Noise_eer,robust_10dB Noise_auc,robust_10dB Noise_acc,robust_MP3 Compress._eer,robust_MP3 Compress._auc,robust_MP3 Compress._acc,robust_Reverb (0.5s)_eer,robust_Reverb (0.5s)_auc,robust_Reverb (0.5s)_acc
full_all_sources,none,6311,4418,947,946,6,0.04755687171893932,0.1538251755657226,0.041230437128980016,0.9932227019248066,0.8224101479915433,0.7522123893805309,1.0,0.8585858585858585,1.0,0.6146788990825688,0.7613636363636362,0.5973644256591797,0.041230437128980016,0.9932227019248066,0.8224101479915433,0.15117826947292679,0.9225085447022845,0.7885835095137421,0.07607933081489474,0.9748605864364094,0.8118393234672304,0.10569347004856987,0.96934250764526,0.7748414376321353
