{
  "model": "BanglaDeepfakeDetector",
  "architecture": {
    "frontend": "microsoft/wavlm-large",
    "wavlm_freeze_layers": 12,
    "backend": "ModifiedAASIST",
    "hidden_dim": 160,
    "emb_dim": 128,
    "num_heads": 4,
    "num_gat_layers": 2,
    "num_spectral_nodes": 32,
    "dropout": 0.3
  },
  "loss": {
    "type": "OCSoftmax",
    "margin": 0.5,
    "scale": 10.0
  },
  "training": {
    "batch_size": 16,
    "lr_wavlm": 1e-05,
    "lr_aasist": 0.0001,
    "weight_decay": 0.01,
    "grad_clip": 1.0,
    "epochs_trained": 8
  },
  "test_metrics": {
    "eer": 0.03960784313725489,
    "auc": 0.9757320261437908,
    "accuracy": 0.7913580246913581
  },
  "robustness": {
    "Clean": {
      "EER": 0.03960784313725489,
      "AUC": 0.9757320261437908,
      "Acc": 0.7913580246913581
    },
    "10dB Noise": {
      "EER": 0.09009803921568628,
      "AUC": 0.96381045751634,
      "Acc": 0.745679012345679
    },
    "MP3 Compress.": {
      "EER": 0.06931372549019607,
      "AUC": 0.9584183006535949,
      "Acc": 0.737037037037037
    },
    "Reverb (0.5s)": {
      "EER": 0.10990196078431375,
      "AUC": 0.9502941176470588,
      "Acc": 0.7469135802469136
    }
  }
}