condition,EER,AUC,Acc
Clean,0.04254764843000135,0.9699026463732348,0.7939698492462312
10dB Noise,0.11182640888523243,0.9594679829973947,0.7537688442211056
MP3 Compress.,0.09426162073220896,0.9595091183326477,0.7650753768844221
Reverb (0.5s),0.12568216097627863,0.9558823529411764,0.7462311557788944
