experiment,excluded_fake_source,dataset_size,train_size,val_size,test_size,best_epoch,val_eer_best,test_loss,test_eer,test_auc,test_accuracy,precision_real,recall_real,f1_real,precision_fake,recall_fake,f1_fake,eer_threshold,robust_Clean_eer,robust_Clean_auc,robust_Clean_acc,robust_10dB Noise_eer,robust_10dB Noise_auc,robust_10dB Noise_acc,robust_MP3 Compress._eer,robust_MP3 Compress._auc,robust_MP3 Compress._acc,robust_Reverb (0.5s)_eer,robust_Reverb (0.5s)_auc,robust_Reverb (0.5s)_acc
ablate_lstm,lstm_deepfake,5311,3718,797,796,8,0.05630593700894993,0.21694613431800325,0.04254764843000135,0.9699026463732348,0.7939698492462312,0.7566765578635015,1.0,0.8614864864864865,1.0,0.42657342657342656,0.5980392156862745,0.8616275787353516,0.04254764843000135,0.9699026463732348,0.7939698492462312,0.11182640888523243,0.9594679829973947,0.7537688442211056,0.09426162073220896,0.9595091183326477,0.7650753768844221,0.12568216097627863,0.9558823529411764,0.7462311557788944
