{
  "experiment": "ablate_lstm",
  "excluded_fake_source": "lstm_deepfake",
  "dataset_size": 5311,
  "train_size": 3718,
  "val_size": 797,
  "test_size": 796,
  "best_epoch": 8,
  "val_eer_best": 0.05630593700894993,
  "test_loss": 0.21694613431800325,
  "test_eer": 0.04254764843000135,
  "test_auc": 0.9699026463732348,
  "test_accuracy": 0.7939698492462312,
  "precision_real": 0.7566765578635015,
  "recall_real": 1.0,
  "f1_real": 0.8614864864864865,
  "precision_fake": 1.0,
  "recall_fake": 0.42657342657342656,
  "f1_fake": 0.5980392156862745,
  "eer_threshold": 0.8616275787353516,
  "robust_Clean_eer": 0.04254764843000135,
  "robust_Clean_auc": 0.9699026463732348,
  "robust_Clean_acc": 0.7939698492462312,
  "robust_10dB Noise_eer": 0.11182640888523243,
  "robust_10dB Noise_auc": 0.9594679829973947,
  "robust_10dB Noise_acc": 0.7537688442211056,
  "robust_MP3 Compress._eer": 0.09426162073220896,
  "robust_MP3 Compress._auc": 0.9595091183326477,
  "robust_MP3 Compress._acc": 0.7650753768844221,
  "robust_Reverb (0.5s)_eer": 0.12568216097627863,
  "robust_Reverb (0.5s)_auc": 0.9558823529411764,
  "robust_Reverb (0.5s)_acc": 0.7462311557788944
}