{
  "model": "BanglaDeepfakeDetector",
  "architecture": {
    "frontend": "microsoft/wavlm-large",
    "wavlm_freeze_layers": 12,
    "backend": "ModifiedAASIST",
    "hidden_dim": 160,
    "emb_dim": 128,
    "num_heads": 4,
    "num_gat_layers": 2,
    "num_spectral_nodes": 32,
    "dropout": 0.3
  },
  "loss": {
    "type": "OCSoftmax",
    "margin": 0.5,
    "scale": 10.0
  },
  "training": {
    "batch_size": 16,
    "lr_wavlm": 1e-05,
    "lr_aasist": 0.0001,
    "weight_decay": 0.01,
    "grad_clip": 1.0,
    "epochs_trained": 4
  },
  "test_metrics": {
    "eer": 0.010146716029068952,
    "auc": 0.9997463320992733,
    "accuracy": 0.9459798994974874
  },
  "robustness": {
    "Clean": {
      "EER": 0.010146716029068952,
      "AUC": 0.9997463320992733,
      "Acc": 0.9459798994974874
    },
    "10dB Noise": {
      "EER": 0.024982860276977936,
      "AUC": 0.9935280405868641,
      "Acc": 0.7600502512562815
    },
    "MP3 Compress.": {
      "EER": 0.0212738242150007,
      "AUC": 0.9957424928013163,
      "Acc": 0.8768844221105527
    },
    "Reverb (0.5s)": {
      "EER": 0.017564788153023474,
      "AUC": 0.9981900452488688,
      "Acc": 0.8768844221105527
    }
  }
}