condition,EER,AUC,Acc
Clean,0.037398782038412626,0.9893829886903567,0.8594890510948905
10dB Noise,0.10950946931673697,0.9606036271163756,0.8321167883211679
MP3 Compress.,0.05658836913605034,0.9814327778893127,0.8503649635036497
Reverb (0.5s),0.08665261326373555,0.9726125945258649,0.8540145985401459
