{
  "experiment": "full_dataset_stratified",
  "split_type": "stratified_full",
  "test_split_name": "stratified_test",
  "holdout_fake_source": "",
  "dataset_size": 7311,
  "train_size": 5118,
  "val_size": 1097,
  "holdout_test_size": 0,
  "test_size": 1096,
  "train_fake": 2738,
  "test_fake": 586,
  "train_real": 2380,
  "test_real": 510,
  "real_train_test_ratio": 4.666666666666667,
  "fake_train_test_ratio": 4.67235494880546,
  "best_epoch": 6,
  "val_eer_best": 0.044695527273941923,
  "holdout_test_loss": NaN,
  "holdout_test_eer": NaN,
  "holdout_test_auc": NaN,
  "holdout_test_accuracy": NaN,
  "stratified_test_loss": 0.12498359450594357,
  "stratified_test_eer": 0.037398782038412626,
  "stratified_test_auc": 0.9893829886903567,
  "stratified_test_accuracy": 0.8594890510948905,
  "test_loss": 0.12498359450594357,
  "test_eer": 0.037398782038412626,
  "test_auc": 0.9893829886903567,
  "test_accuracy": 0.8594890510948905,
  "precision_real": 0.7680722891566265,
  "recall_real": 1.0,
  "f1_real": 0.868824531516184,
  "precision_fake": 1.0,
  "recall_fake": 0.7372013651877133,
  "f1_fake": 0.8487229862475443,
  "eer_threshold": 0.4882037043571472,
  "robust_Clean_eer": 0.037398782038412626,
  "robust_Clean_auc": 0.9893829886903567,
  "robust_Clean_acc": 0.8594890510948905,
  "robust_10dB Noise_eer": 0.10950946931673697,
  "robust_10dB Noise_auc": 0.9606036271163756,
  "robust_10dB Noise_acc": 0.8321167883211679,
  "robust_MP3 Compress._eer": 0.05658836913605034,
  "robust_MP3 Compress._auc": 0.9814327778893127,
  "robust_MP3 Compress._acc": 0.8503649635036497,
  "robust_Reverb (0.5s)_eer": 0.08665261326373555,
  "robust_Reverb (0.5s)_auc": 0.9726125945258649,
  "robust_Reverb (0.5s)_acc": 0.8540145985401459
}