condition,EER,AUC,Acc
Clean,0.03373151308304892,0.9904804925383123,0.8521897810218978
10dB Noise,0.08396573646523457,0.9734491066050994,0.8394160583941606
MP3 Compress.,0.06844341832296058,0.9756106538178411,0.8248175182481752
Reverb (0.5s),0.0766311985545071,0.9797129090544068,0.8521897810218978
