{
  "experiment": "full_dataset_stratified",
  "split_type": "stratified_full",
  "test_split_name": "stratified_test",
  "holdout_fake_source": "",
  "dataset_size": 7311,
  "train_size": 5118,
  "val_size": 1097,
  "holdout_test_size": 0,
  "test_size": 1096,
  "train_fake": 2738,
  "test_fake": 586,
  "train_real": 2380,
  "test_real": 510,
  "real_train_test_ratio": 4.666666666666667,
  "fake_train_test_ratio": 4.67235494880546,
  "best_epoch": 13,
  "val_eer_best": 0.044695527273941923,
  "holdout_test_loss": NaN,
  "holdout_test_eer": NaN,
  "holdout_test_auc": NaN,
  "holdout_test_accuracy": NaN,
  "stratified_test_loss": 0.13941287585672452,
  "stratified_test_eer": 0.03373151308304892,
  "stratified_test_auc": 0.9904804925383123,
  "stratified_test_accuracy": 0.8521897810218978,
  "test_loss": 0.13941287585672452,
  "test_eer": 0.03373151308304892,
  "test_auc": 0.9904804925383123,
  "test_accuracy": 0.8521897810218978,
  "precision_real": 0.7589285714285714,
  "recall_real": 1.0,
  "f1_real": 0.8629441624365483,
  "precision_fake": 1.0,
  "recall_fake": 0.7235494880546075,
  "f1_fake": 0.8396039603960396,
  "eer_threshold": 0.550767183303833,
  "robust_Clean_eer": 0.03373151308304892,
  "robust_Clean_auc": 0.9904804925383123,
  "robust_Clean_acc": 0.8521897810218978,
  "robust_10dB Noise_eer": 0.08396573646523457,
  "robust_10dB Noise_auc": 0.9734491066050994,
  "robust_10dB Noise_acc": 0.8394160583941606,
  "robust_MP3 Compress._eer": 0.06844341832296058,
  "robust_MP3 Compress._auc": 0.9756106538178411,
  "robust_MP3 Compress._acc": 0.8248175182481752,
  "robust_Reverb (0.5s)_eer": 0.0766311985545071,
  "robust_Reverb (0.5s)_auc": 0.9797129090544068,
  "robust_Reverb (0.5s)_acc": 0.8521897810218978
}