{
  "experiment": "full_dataset_stratified",
  "split_type": "stratified_full",
  "test_split_name": "stratified_test",
  "holdout_fake_source": "",
  "dataset_size": 7311,
  "train_size": 5264,
  "val_size": 585,
  "test_size": 1462,
  "train_fake": 2816,
  "test_fake": 782,
  "train_real": 2448,
  "test_real": 680,
  "real_train_test_ratio": 3.6,
  "fake_train_test_ratio": 3.601023017902813,
  "best_val_accuracy": 0.9299145299145299,
  "test_accuracy": 0.9295485636114911,
  "test_precision": 0.9311796688265934,
  "test_recall": 0.9295485636114911,
  "test_f1": 0.9293020585617788,
  "test_auc": 0.9764649465924476,
  "stratified_test_size": 1462,
  "stratified_test_accuracy": 0.9295485636114911,
  "stratified_test_precision": 0.9311796688265934,
  "stratified_test_recall": 0.9295485636114911,
  "stratified_test_f1": 0.9293020585617788,
  "stratified_test_auc": 0.9764649465924476
}