{
  "experiment": "ablate_crikk",
  "excluded_fake_source": "crikk_deepfake",
  "dataset_size": 6311,
  "train_size": 4418,
  "val_size": 947,
  "test_size": 946,
  "best_epoch": 6,
  "val_eer_best": 0.04755687171893932,
  "test_loss": 0.1538251755657226,
  "test_eer": 0.041230437128980016,
  "test_auc": 0.9932227019248066,
  "test_accuracy": 0.8224101479915433,
  "precision_real": 0.7522123893805309,
  "recall_real": 1.0,
  "f1_real": 0.8585858585858585,
  "precision_fake": 1.0,
  "recall_fake": 0.6146788990825688,
  "f1_fake": 0.7613636363636362,
  "eer_threshold": 0.5973644256591797,
  "robust_Clean_eer": 0.041230437128980016,
  "robust_Clean_auc": 0.9932227019248066,
  "robust_Clean_acc": 0.8224101479915433,
  "robust_10dB Noise_eer": 0.15117826947292679,
  "robust_10dB Noise_auc": 0.9225085447022845,
  "robust_10dB Noise_acc": 0.7885835095137421,
  "robust_MP3 Compress._eer": 0.07607933081489474,
  "robust_MP3 Compress._auc": 0.9748605864364094,
  "robust_MP3 Compress._acc": 0.8118393234672304,
  "robust_Reverb (0.5s)_eer": 0.10569347004856987,
  "robust_Reverb (0.5s)_auc": 0.96934250764526,
  "robust_Reverb (0.5s)_acc": 0.7748414376321353
}